-- Atualizado em: 15/02/2021 11:54:05
-- AMBIENTE: http://localhost/ccaug/
-- BANCO: ccaug100

CREATE DATABASE IF NOT EXISTS ccaug100;

USE ccaug100;

DROP TABLE IF EXISTS TB_ACESSO;


CREATE TABLE `TB_ACESSO` (
  `co_acesso` int(11) NOT NULL AUTO_INCREMENT,
  `ds_session_id` varchar(255) COLLATE utf8_unicode_ci DEFAULT NULL,
  `dt_inicio_acesso` datetime DEFAULT NULL,
  `dt_fim_acesso` datetime DEFAULT NULL,
  `tp_situacao` varchar(1) COLLATE utf8_unicode_ci DEFAULT NULL COMMENT 'A - Ativo / F - Finalizado',
  `co_usuario` int(10) NOT NULL,
  `co_trafego` int(11) NOT NULL,
  PRIMARY KEY (`co_acesso`,`co_usuario`,`co_trafego`)
) ENGINE=InnoDB AUTO_INCREMENT=10 DEFAULT CHARSET=utf8 COLLATE=utf8_unicode_ci;


INSERT INTO TB_ACESSO VALUES('6','uvulk300kskkoveq0qmoekvvoh','2021-02-09 18:31:53','2021-02-09 19:02:12','F','1','6');

INSERT INTO TB_ACESSO VALUES('7','d2aerqdqgibt3d09mufppa0k9p','2021-02-09 21:36:19','2021-02-09 21:37:53','F','1','7');

INSERT INTO TB_ACESSO VALUES('8','36prn41g4rqu12622aimec992k','2021-02-09 21:41:10','2021-02-09 22:11:52','F','1','8');

INSERT INTO TB_ACESSO VALUES('9','a47efgjpufn8vu7cn0av5li796','2021-02-15 11:54:01','2021-02-15 12:24:03','A','1','9');




DROP TABLE IF EXISTS TB_ALUNO;


CREATE TABLE `TB_ALUNO` (
  `co_aluno` int(11) NOT NULL AUTO_INCREMENT,
  `dt_cadastro` datetime DEFAULT NULL,
  `st_status` varchar(1) COLLATE utf8_unicode_ci DEFAULT 'S' COMMENT 'S - Sim / N - Não',
  `co_pessoa` int(11) NOT NULL,
  PRIMARY KEY (`co_aluno`,`co_pessoa`)
) ENGINE=InnoDB AUTO_INCREMENT=10 DEFAULT CHARSET=utf8 COLLATE=utf8_unicode_ci;


INSERT INTO TB_ALUNO VALUES('1','2021-02-08 11:45:41','S','2');

INSERT INTO TB_ALUNO VALUES('2','2021-02-08 12:15:44','S','3');

INSERT INTO TB_ALUNO VALUES('3','2021-02-08 12:40:09','S','4');

INSERT INTO TB_ALUNO VALUES('5','2021-02-08 12:49:15','S','6');

INSERT INTO TB_ALUNO VALUES('9','2021-02-09 21:38:12','S','10');




DROP TABLE IF EXISTS TB_ANOTACAO;


CREATE TABLE `TB_ANOTACAO` (
  `co_anotacao` int(11) NOT NULL AUTO_INCREMENT,
  `dt_cadastro` datetime DEFAULT NULL,
  `ds_observacao` text COLLATE utf8_unicode_ci DEFAULT NULL,
  `ds_titulo` varchar(80) COLLATE utf8_unicode_ci DEFAULT NULL,
  `co_historia` int(11) NOT NULL,
  PRIMARY KEY (`co_anotacao`,`co_historia`)
) ENGINE=InnoDB DEFAULT CHARSET=utf8 COLLATE=utf8_unicode_ci;





DROP TABLE IF EXISTS TB_AUDITORIA;


CREATE TABLE `TB_AUDITORIA` (
  `co_auditoria` int(11) NOT NULL AUTO_INCREMENT,
  `dt_realizado` datetime DEFAULT NULL,
  `ds_perfil_usuario` text COLLATE utf8_unicode_ci DEFAULT NULL,
  `co_usuario` int(10) NOT NULL,
  PRIMARY KEY (`co_auditoria`,`co_usuario`)
) ENGINE=InnoDB AUTO_INCREMENT=34 DEFAULT CHARSET=utf8 COLLATE=utf8_unicode_ci;


INSERT INTO TB_AUDITORIA VALUES('3','2021-02-09 21:33:50','Usuário Enovus','1');

INSERT INTO TB_AUDITORIA VALUES('4','2021-02-09 21:36:16','Usuário Enovus','1');

INSERT INTO TB_AUDITORIA VALUES('5','2021-02-09 21:36:18','Usuário Enovus','1');

INSERT INTO TB_AUDITORIA VALUES('6','2021-02-09 21:36:19','Usuário Enovus','1');

INSERT INTO TB_AUDITORIA VALUES('7','2021-02-09 21:36:19','Master','1');

INSERT INTO TB_AUDITORIA VALUES('8','2021-02-09 21:36:20','Master','1');

INSERT INTO TB_AUDITORIA VALUES('9','2021-02-09 21:36:27','Master','1');

INSERT INTO TB_AUDITORIA VALUES('10','2021-02-09 21:36:28','Master','1');

INSERT INTO TB_AUDITORIA VALUES('11','2021-02-09 21:36:33','Master','1');

INSERT INTO TB_AUDITORIA VALUES('12','2021-02-09 21:36:34','Master','1');

INSERT INTO TB_AUDITORIA VALUES('13','2021-02-09 21:37:53','Master','1');

INSERT INTO TB_AUDITORIA VALUES('14','2021-02-09 21:38:12','Usuário Enovus','1');

INSERT INTO TB_AUDITORIA VALUES('15','2021-02-09 21:41:09','Usuário Enovus','1');

INSERT INTO TB_AUDITORIA VALUES('16','2021-02-09 21:41:10','Usuário Enovus','1');

INSERT INTO TB_AUDITORIA VALUES('17','2021-02-09 21:41:10','Master','1');

INSERT INTO TB_AUDITORIA VALUES('18','2021-02-09 21:41:11','Master','1');

INSERT INTO TB_AUDITORIA VALUES('19','2021-02-09 21:41:14','Master','1');

INSERT INTO TB_AUDITORIA VALUES('20','2021-02-09 21:41:15','Master','1');

INSERT INTO TB_AUDITORIA VALUES('21','2021-02-09 21:41:19','Master','1');

INSERT INTO TB_AUDITORIA VALUES('22','2021-02-09 21:41:20','Master','1');

INSERT INTO TB_AUDITORIA VALUES('23','2021-02-09 21:41:22','Master','1');

INSERT INTO TB_AUDITORIA VALUES('24','2021-02-09 21:41:23','Master','1');

INSERT INTO TB_AUDITORIA VALUES('25','2021-02-09 21:41:41','Master','1');

INSERT INTO TB_AUDITORIA VALUES('26','2021-02-09 21:41:41','Master','1');

INSERT INTO TB_AUDITORIA VALUES('27','2021-02-09 21:41:51','Master','1');

INSERT INTO TB_AUDITORIA VALUES('28','2021-02-09 21:41:52','Master','1');

INSERT INTO TB_AUDITORIA VALUES('29','2021-02-15 11:53:58','Usuário Enovus','1');

INSERT INTO TB_AUDITORIA VALUES('30','2021-02-15 11:54:00','Usuário Enovus','1');

INSERT INTO TB_AUDITORIA VALUES('31','2021-02-15 11:54:01','Usuário Enovus','1');

INSERT INTO TB_AUDITORIA VALUES('32','2021-02-15 11:54:02','Master','1');

INSERT INTO TB_AUDITORIA VALUES('33','2021-02-15 11:54:03','Master','1');




DROP TABLE IF EXISTS TB_AUDITORIA_ITENS;


CREATE TABLE `TB_AUDITORIA_ITENS` (
  `co_auditoria_itens` int(11) NOT NULL AUTO_INCREMENT,
  `ds_item_anterior` text COLLATE utf8_unicode_ci DEFAULT NULL,
  `ds_item_atual` text COLLATE utf8_unicode_ci DEFAULT NULL,
  `ds_campo` varchar(120) COLLATE utf8_unicode_ci DEFAULT NULL,
  `co_auditoria_tabela` int(11) NOT NULL,
  PRIMARY KEY (`co_auditoria_itens`,`co_auditoria_tabela`)
) ENGINE=InnoDB AUTO_INCREMENT=401 DEFAULT CHARSET=utf8 COLLATE=utf8_unicode_ci;


INSERT INTO TB_AUDITORIA_ITENS VALUES('75','2','','co_pessoa','518');

INSERT INTO TB_AUDITORIA_ITENS VALUES('76','12345678909','12345678909','nu_cpf','518');

INSERT INTO TB_AUDITORIA_ITENS VALUES('77','Aluno nota Mil','Aluno Post','no_pessoa','518');

INSERT INTO TB_AUDITORIA_ITENS VALUES('78','','','nu_rg','518');

INSERT INTO TB_AUDITORIA_ITENS VALUES('79','2021-02-08 11:45:41','','dt_cadastro','518');

INSERT INTO TB_AUDITORIA_ITENS VALUES('80','','','dt_nascimento','518');

INSERT INTO TB_AUDITORIA_ITENS VALUES('81','','','st_sexo','518');

INSERT INTO TB_AUDITORIA_ITENS VALUES('82','2','','co_endereco','518');

INSERT INTO TB_AUDITORIA_ITENS VALUES('83','2','','co_contato','518');

INSERT INTO TB_AUDITORIA_ITENS VALUES('84','0','','co_imagem','518');

INSERT INTO TB_AUDITORIA_ITENS VALUES('85','2','','co_contato','519');

INSERT INTO TB_AUDITORIA_ITENS VALUES('86','6199555525','4535435435','nu_tel1','519');

INSERT INTO TB_AUDITORIA_ITENS VALUES('87','','','nu_tel2','519');

INSERT INTO TB_AUDITORIA_ITENS VALUES('88','','','nu_tel3','519');

INSERT INTO TB_AUDITORIA_ITENS VALUES('89','','','nu_tel_0800','519');

INSERT INTO TB_AUDITORIA_ITENS VALUES('90','alunonotadez@gmail.com','arnaldo@gmail.com','ds_email','519');

INSERT INTO TB_AUDITORIA_ITENS VALUES('91','','','ds_site','519');

INSERT INTO TB_AUDITORIA_ITENS VALUES('92','','','ds_facebook','519');

INSERT INTO TB_AUDITORIA_ITENS VALUES('93','','','ds_twitter','519');

INSERT INTO TB_AUDITORIA_ITENS VALUES('94','','','ds_instagram','519');

INSERT INTO TB_AUDITORIA_ITENS VALUES('95','2','','co_endereco','520');

INSERT INTO TB_AUDITORIA_ITENS VALUES('96','','','ds_endereco','520');

INSERT INTO TB_AUDITORIA_ITENS VALUES('97','','','ds_complemento','520');

INSERT INTO TB_AUDITORIA_ITENS VALUES('98','','','ds_bairro','520');

INSERT INTO TB_AUDITORIA_ITENS VALUES('99','','','nu_cep','520');

INSERT INTO TB_AUDITORIA_ITENS VALUES('100','','','no_cidade','520');

INSERT INTO TB_AUDITORIA_ITENS VALUES('101','','','sg_uf','520');

INSERT INTO TB_AUDITORIA_ITENS VALUES('102','2','','co_pessoa','521');

INSERT INTO TB_AUDITORIA_ITENS VALUES('103','12345678909','','nu_cpf','521');

INSERT INTO TB_AUDITORIA_ITENS VALUES('104','Aluno Post','','no_pessoa','521');

INSERT INTO TB_AUDITORIA_ITENS VALUES('105','','','nu_rg','521');

INSERT INTO TB_AUDITORIA_ITENS VALUES('106','2021-02-08 11:45:41','','dt_cadastro','521');

INSERT INTO TB_AUDITORIA_ITENS VALUES('107','','','dt_nascimento','521');

INSERT INTO TB_AUDITORIA_ITENS VALUES('108','','','st_sexo','521');

INSERT INTO TB_AUDITORIA_ITENS VALUES('109','2','2','co_endereco','521');

INSERT INTO TB_AUDITORIA_ITENS VALUES('110','2','2','co_contato','521');

INSERT INTO TB_AUDITORIA_ITENS VALUES('111','0','','co_imagem','521');

INSERT INTO TB_AUDITORIA_ITENS VALUES('112','','1','co_aluno','522');

INSERT INTO TB_AUDITORIA_ITENS VALUES('113','','1','co_turma','522');

INSERT INTO TB_AUDITORIA_ITENS VALUES('114','','2021-02-09 21:33:50','dt_cadastro','522');

INSERT INTO TB_AUDITORIA_ITENS VALUES('115','','9','co_inscricao','523');

INSERT INTO TB_AUDITORIA_ITENS VALUES('116','','0','tp_pagamento','523');

INSERT INTO TB_AUDITORIA_ITENS VALUES('117','','2021-02-09 21:33:50','dt_modificado','523');

INSERT INTO TB_AUDITORIA_ITENS VALUES('118','7','','co_pagamento','524');

INSERT INTO TB_AUDITORIA_ITENS VALUES('119','','0.00','nu_valor_total','524');

INSERT INTO TB_AUDITORIA_ITENS VALUES('120','','0.00','nu_valor_pago','524');

INSERT INTO TB_AUDITORIA_ITENS VALUES('121','','0.00','nu_valor_desconto','524');

INSERT INTO TB_AUDITORIA_ITENS VALUES('122','','','dt_pago','524');

INSERT INTO TB_AUDITORIA_ITENS VALUES('123','','','ds_code_transacao','524');

INSERT INTO TB_AUDITORIA_ITENS VALUES('124','2021-02-09 21:33:50','2021-02-09 21:33:50','dt_modificado','524');

INSERT INTO TB_AUDITORIA_ITENS VALUES('125','0','','tp_pagamento','524');

INSERT INTO TB_AUDITORIA_ITENS VALUES('126','0','','st_pagamento','524');

INSERT INTO TB_AUDITORIA_ITENS VALUES('127','','','ds_link_boleto','524');

INSERT INTO TB_AUDITORIA_ITENS VALUES('128','','','ds_observacao','524');

INSERT INTO TB_AUDITORIA_ITENS VALUES('129','9','','co_inscricao','524');

INSERT INTO TB_AUDITORIA_ITENS VALUES('130','','7','co_pagamento','525');

INSERT INTO TB_AUDITORIA_ITENS VALUES('131','','2021-02-09 21:33:50','dt_cadastro','525');

INSERT INTO TB_AUDITORIA_ITENS VALUES('132','','Curso Gratuito','ds_acao','525');

INSERT INTO TB_AUDITORIA_ITENS VALUES('133','','Usuário SisEnovus Efetivou a Inscrição','ds_usuario','525');

INSERT INTO TB_AUDITORIA_ITENS VALUES('134','','3','st_pagamento','525');

INSERT INTO TB_AUDITORIA_ITENS VALUES('135','6','','co_acesso','526');

INSERT INTO TB_AUDITORIA_ITENS VALUES('136','uvulk300kskkoveq0qmoekvvoh','','ds_session_id','526');

INSERT INTO TB_AUDITORIA_ITENS VALUES('137','2021-02-09 18:31:53','','dt_inicio_acesso','526');

INSERT INTO TB_AUDITORIA_ITENS VALUES('138','2021-02-09 19:02:12','','dt_fim_acesso','526');

INSERT INTO TB_AUDITORIA_ITENS VALUES('139','A','F','tp_situacao','526');

INSERT INTO TB_AUDITORIA_ITENS VALUES('140','1','','co_usuario','526');

INSERT INTO TB_AUDITORIA_ITENS VALUES('141','6','','co_trafego','526');

INSERT INTO TB_AUDITORIA_ITENS VALUES('142','','Firefox','ds_navegador','527');

INSERT INTO TB_AUDITORIA_ITENS VALUES('143','','Windows 8.1','ds_sistema_operacional','527');

INSERT INTO TB_AUDITORIA_ITENS VALUES('144','','Desktop','ds_dispositivo','527');

INSERT INTO TB_AUDITORIA_ITENS VALUES('145','','127.0.0.1','nu_ip','527');

INSERT INTO TB_AUDITORIA_ITENS VALUES('146','','Desconhecido','ds_pais','527');

INSERT INTO TB_AUDITORIA_ITENS VALUES('147','','Desconhecida','ds_code_pais','527');

INSERT INTO TB_AUDITORIA_ITENS VALUES('148','','Desconhecida','ds_estado','527');

INSERT INTO TB_AUDITORIA_ITENS VALUES('149','','Desconhecida','ds_uf','527');

INSERT INTO TB_AUDITORIA_ITENS VALUES('150','','Desconhecida','ds_cidade','527');

INSERT INTO TB_AUDITORIA_ITENS VALUES('151','','Mozilla/5.0 (Windows NT 6.3; Win64; x64; rv:85.0) Gecko/20100101 Firefox/85.0','ds_agente','527');

INSERT INTO TB_AUDITORIA_ITENS VALUES('152','','d2aerqdqgibt3d09mufppa0k9p','ds_session_id','528');

INSERT INTO TB_AUDITORIA_ITENS VALUES('153','','1','co_usuario','528');

INSERT INTO TB_AUDITORIA_ITENS VALUES('154','','A','tp_situacao','528');

INSERT INTO TB_AUDITORIA_ITENS VALUES('155','','7','co_trafego','528');

INSERT INTO TB_AUDITORIA_ITENS VALUES('156','','2021-02-09 22:06:19','dt_fim_acesso','528');

INSERT INTO TB_AUDITORIA_ITENS VALUES('157','','2021-02-09 21:36:19','dt_inicio_acesso','528');

INSERT INTO TB_AUDITORIA_ITENS VALUES('158','7','','co_acesso','529');

INSERT INTO TB_AUDITORIA_ITENS VALUES('159','d2aerqdqgibt3d09mufppa0k9p','','ds_session_id','529');

INSERT INTO TB_AUDITORIA_ITENS VALUES('160','2021-02-09 21:36:19','','dt_inicio_acesso','529');

INSERT INTO TB_AUDITORIA_ITENS VALUES('161','2021-02-09 22:06:19','2021-02-09 22:06:19','dt_fim_acesso','529');

INSERT INTO TB_AUDITORIA_ITENS VALUES('162','A','','tp_situacao','529');

INSERT INTO TB_AUDITORIA_ITENS VALUES('163','1','','co_usuario','529');

INSERT INTO TB_AUDITORIA_ITENS VALUES('164','7','','co_trafego','529');

INSERT INTO TB_AUDITORIA_ITENS VALUES('165','7','','co_acesso','530');

INSERT INTO TB_AUDITORIA_ITENS VALUES('166','d2aerqdqgibt3d09mufppa0k9p','','ds_session_id','530');

INSERT INTO TB_AUDITORIA_ITENS VALUES('167','2021-02-09 21:36:19','','dt_inicio_acesso','530');

INSERT INTO TB_AUDITORIA_ITENS VALUES('168','2021-02-09 22:06:19','2021-02-09 22:06:20','dt_fim_acesso','530');

INSERT INTO TB_AUDITORIA_ITENS VALUES('169','A','','tp_situacao','530');

INSERT INTO TB_AUDITORIA_ITENS VALUES('170','1','','co_usuario','530');

INSERT INTO TB_AUDITORIA_ITENS VALUES('171','7','','co_trafego','530');

INSERT INTO TB_AUDITORIA_ITENS VALUES('172','7','','co_acesso','531');

INSERT INTO TB_AUDITORIA_ITENS VALUES('173','d2aerqdqgibt3d09mufppa0k9p','','ds_session_id','531');

INSERT INTO TB_AUDITORIA_ITENS VALUES('174','2021-02-09 21:36:19','','dt_inicio_acesso','531');

INSERT INTO TB_AUDITORIA_ITENS VALUES('175','2021-02-09 22:06:20','2021-02-09 22:06:27','dt_fim_acesso','531');

INSERT INTO TB_AUDITORIA_ITENS VALUES('176','A','','tp_situacao','531');

INSERT INTO TB_AUDITORIA_ITENS VALUES('177','1','','co_usuario','531');

INSERT INTO TB_AUDITORIA_ITENS VALUES('178','7','','co_trafego','531');

INSERT INTO TB_AUDITORIA_ITENS VALUES('179','7','','co_acesso','532');

INSERT INTO TB_AUDITORIA_ITENS VALUES('180','d2aerqdqgibt3d09mufppa0k9p','','ds_session_id','532');

INSERT INTO TB_AUDITORIA_ITENS VALUES('181','2021-02-09 21:36:19','','dt_inicio_acesso','532');

INSERT INTO TB_AUDITORIA_ITENS VALUES('182','2021-02-09 22:06:27','2021-02-09 22:06:28','dt_fim_acesso','532');

INSERT INTO TB_AUDITORIA_ITENS VALUES('183','A','','tp_situacao','532');

INSERT INTO TB_AUDITORIA_ITENS VALUES('184','1','','co_usuario','532');

INSERT INTO TB_AUDITORIA_ITENS VALUES('185','7','','co_trafego','532');

INSERT INTO TB_AUDITORIA_ITENS VALUES('186','7','','co_acesso','533');

INSERT INTO TB_AUDITORIA_ITENS VALUES('187','d2aerqdqgibt3d09mufppa0k9p','','ds_session_id','533');

INSERT INTO TB_AUDITORIA_ITENS VALUES('188','2021-02-09 21:36:19','','dt_inicio_acesso','533');

INSERT INTO TB_AUDITORIA_ITENS VALUES('189','2021-02-09 22:06:28','2021-02-09 22:06:33','dt_fim_acesso','533');

INSERT INTO TB_AUDITORIA_ITENS VALUES('190','A','','tp_situacao','533');

INSERT INTO TB_AUDITORIA_ITENS VALUES('191','1','','co_usuario','533');

INSERT INTO TB_AUDITORIA_ITENS VALUES('192','7','','co_trafego','533');

INSERT INTO TB_AUDITORIA_ITENS VALUES('193','7','','co_acesso','534');

INSERT INTO TB_AUDITORIA_ITENS VALUES('194','d2aerqdqgibt3d09mufppa0k9p','','ds_session_id','534');

INSERT INTO TB_AUDITORIA_ITENS VALUES('195','2021-02-09 21:36:19','','dt_inicio_acesso','534');

INSERT INTO TB_AUDITORIA_ITENS VALUES('196','2021-02-09 22:06:33','2021-02-09 22:06:34','dt_fim_acesso','534');

INSERT INTO TB_AUDITORIA_ITENS VALUES('197','A','','tp_situacao','534');

INSERT INTO TB_AUDITORIA_ITENS VALUES('198','1','','co_usuario','534');

INSERT INTO TB_AUDITORIA_ITENS VALUES('199','7','','co_trafego','534');

INSERT INTO TB_AUDITORIA_ITENS VALUES('200','7','','co_acesso','535');

INSERT INTO TB_AUDITORIA_ITENS VALUES('201','d2aerqdqgibt3d09mufppa0k9p','','ds_session_id','535');

INSERT INTO TB_AUDITORIA_ITENS VALUES('202','2021-02-09 21:36:19','','dt_inicio_acesso','535');

INSERT INTO TB_AUDITORIA_ITENS VALUES('203','2021-02-09 22:06:34','2021-02-09 21:37:53','dt_fim_acesso','535');

INSERT INTO TB_AUDITORIA_ITENS VALUES('204','A','F','tp_situacao','535');

INSERT INTO TB_AUDITORIA_ITENS VALUES('205','1','','co_usuario','535');

INSERT INTO TB_AUDITORIA_ITENS VALUES('206','7','','co_trafego','535');

INSERT INTO TB_AUDITORIA_ITENS VALUES('207','','01304694160','nu_cpf','536');

INSERT INTO TB_AUDITORIA_ITENS VALUES('208','','Leonardo Machado Carvalho Bessa','no_pessoa','536');

INSERT INTO TB_AUDITORIA_ITENS VALUES('209','','','nu_rg','536');

INSERT INTO TB_AUDITORIA_ITENS VALUES('210','','2021-02-09 21:38:12','dt_cadastro','536');

INSERT INTO TB_AUDITORIA_ITENS VALUES('211','','','dt_nascimento','536');

INSERT INTO TB_AUDITORIA_ITENS VALUES('212','','','st_sexo','536');

INSERT INTO TB_AUDITORIA_ITENS VALUES('213','','5325553256','nu_tel1','537');

INSERT INTO TB_AUDITORIA_ITENS VALUES('214','','','nu_tel2','537');

INSERT INTO TB_AUDITORIA_ITENS VALUES('215','','','nu_tel3','537');

INSERT INTO TB_AUDITORIA_ITENS VALUES('216','','','nu_tel_0800','537');

INSERT INTO TB_AUDITORIA_ITENS VALUES('217','','leonardomcbessa@gmail.com','ds_email','537');

INSERT INTO TB_AUDITORIA_ITENS VALUES('218','','','ds_site','537');

INSERT INTO TB_AUDITORIA_ITENS VALUES('219','','','ds_facebook','537');

INSERT INTO TB_AUDITORIA_ITENS VALUES('220','','','ds_twitter','537');

INSERT INTO TB_AUDITORIA_ITENS VALUES('221','','','ds_instagram','537');

INSERT INTO TB_AUDITORIA_ITENS VALUES('222','','','ds_endereco','538');

INSERT INTO TB_AUDITORIA_ITENS VALUES('223','','','ds_complemento','538');

INSERT INTO TB_AUDITORIA_ITENS VALUES('224','','','ds_bairro','538');

INSERT INTO TB_AUDITORIA_ITENS VALUES('225','','','nu_cep','538');

INSERT INTO TB_AUDITORIA_ITENS VALUES('226','','','no_cidade','538');

INSERT INTO TB_AUDITORIA_ITENS VALUES('227','','','sg_uf','538');

INSERT INTO TB_AUDITORIA_ITENS VALUES('228','10','','co_pessoa','539');

INSERT INTO TB_AUDITORIA_ITENS VALUES('229','01304694160','','nu_cpf','539');

INSERT INTO TB_AUDITORIA_ITENS VALUES('230','Leonardo Machado Carvalho Bessa','','no_pessoa','539');

INSERT INTO TB_AUDITORIA_ITENS VALUES('231','','','nu_rg','539');

INSERT INTO TB_AUDITORIA_ITENS VALUES('232','2021-02-09 21:38:12','','dt_cadastro','539');

INSERT INTO TB_AUDITORIA_ITENS VALUES('233','','','dt_nascimento','539');

INSERT INTO TB_AUDITORIA_ITENS VALUES('234','','','st_sexo','539');

INSERT INTO TB_AUDITORIA_ITENS VALUES('235','0','10','co_endereco','539');

INSERT INTO TB_AUDITORIA_ITENS VALUES('236','0','10','co_contato','539');

INSERT INTO TB_AUDITORIA_ITENS VALUES('237','0','','co_imagem','539');

INSERT INTO TB_AUDITORIA_ITENS VALUES('238','','10','co_pessoa','540');

INSERT INTO TB_AUDITORIA_ITENS VALUES('239','','2021-02-09 21:38:12','dt_cadastro','540');

INSERT INTO TB_AUDITORIA_ITENS VALUES('240','','S','st_status','540');

INSERT INTO TB_AUDITORIA_ITENS VALUES('241','','9','co_aluno','541');

INSERT INTO TB_AUDITORIA_ITENS VALUES('242','','1','co_turma','541');

INSERT INTO TB_AUDITORIA_ITENS VALUES('243','','2021-02-09 21:38:12','dt_cadastro','541');

INSERT INTO TB_AUDITORIA_ITENS VALUES('244','','10','co_inscricao','542');

INSERT INTO TB_AUDITORIA_ITENS VALUES('245','','0','tp_pagamento','542');

INSERT INTO TB_AUDITORIA_ITENS VALUES('246','','2021-02-09 21:38:12','dt_modificado','542');

INSERT INTO TB_AUDITORIA_ITENS VALUES('247','8','','co_pagamento','543');

INSERT INTO TB_AUDITORIA_ITENS VALUES('248','','0.00','nu_valor_total','543');

INSERT INTO TB_AUDITORIA_ITENS VALUES('249','','0.00','nu_valor_pago','543');

INSERT INTO TB_AUDITORIA_ITENS VALUES('250','','0.00','nu_valor_desconto','543');

INSERT INTO TB_AUDITORIA_ITENS VALUES('251','','','dt_pago','543');

INSERT INTO TB_AUDITORIA_ITENS VALUES('252','','','ds_code_transacao','543');

INSERT INTO TB_AUDITORIA_ITENS VALUES('253','2021-02-09 21:38:12','2021-02-09 21:38:13','dt_modificado','543');

INSERT INTO TB_AUDITORIA_ITENS VALUES('254','0','','tp_pagamento','543');

INSERT INTO TB_AUDITORIA_ITENS VALUES('255','0','3','st_pagamento','543');

INSERT INTO TB_AUDITORIA_ITENS VALUES('256','','','ds_link_boleto','543');

INSERT INTO TB_AUDITORIA_ITENS VALUES('257','','','ds_observacao','543');

INSERT INTO TB_AUDITORIA_ITENS VALUES('258','10','','co_inscricao','543');

INSERT INTO TB_AUDITORIA_ITENS VALUES('259','','8','co_pagamento','544');

INSERT INTO TB_AUDITORIA_ITENS VALUES('260','','2021-02-09 21:38:13','dt_cadastro','544');

INSERT INTO TB_AUDITORIA_ITENS VALUES('261','','Curso Gratuito','ds_acao','544');

INSERT INTO TB_AUDITORIA_ITENS VALUES('262','','Usuário SisEnovus Efetivou a Inscrição','ds_usuario','544');

INSERT INTO TB_AUDITORIA_ITENS VALUES('263','','3','st_pagamento','544');

INSERT INTO TB_AUDITORIA_ITENS VALUES('264','','Firefox','ds_navegador','545');

INSERT INTO TB_AUDITORIA_ITENS VALUES('265','','Windows 8.1','ds_sistema_operacional','545');

INSERT INTO TB_AUDITORIA_ITENS VALUES('266','','Desktop','ds_dispositivo','545');

INSERT INTO TB_AUDITORIA_ITENS VALUES('267','','127.0.0.1','nu_ip','545');

INSERT INTO TB_AUDITORIA_ITENS VALUES('268','','Desconhecido','ds_pais','545');

INSERT INTO TB_AUDITORIA_ITENS VALUES('269','','Desconhecida','ds_code_pais','545');

INSERT INTO TB_AUDITORIA_ITENS VALUES('270','','Desconhecida','ds_estado','545');

INSERT INTO TB_AUDITORIA_ITENS VALUES('271','','Desconhecida','ds_uf','545');

INSERT INTO TB_AUDITORIA_ITENS VALUES('272','','Desconhecida','ds_cidade','545');

INSERT INTO TB_AUDITORIA_ITENS VALUES('273','','Mozilla/5.0 (Windows NT 6.3; Win64; x64; rv:85.0) Gecko/20100101 Firefox/85.0','ds_agente','545');

INSERT INTO TB_AUDITORIA_ITENS VALUES('274','','36prn41g4rqu12622aimec992k','ds_session_id','546');

INSERT INTO TB_AUDITORIA_ITENS VALUES('275','','1','co_usuario','546');

INSERT INTO TB_AUDITORIA_ITENS VALUES('276','','A','tp_situacao','546');

INSERT INTO TB_AUDITORIA_ITENS VALUES('277','','8','co_trafego','546');

INSERT INTO TB_AUDITORIA_ITENS VALUES('278','','2021-02-09 22:11:10','dt_fim_acesso','546');

INSERT INTO TB_AUDITORIA_ITENS VALUES('279','','2021-02-09 21:41:10','dt_inicio_acesso','546');

INSERT INTO TB_AUDITORIA_ITENS VALUES('280','8','','co_acesso','547');

INSERT INTO TB_AUDITORIA_ITENS VALUES('281','36prn41g4rqu12622aimec992k','','ds_session_id','547');

INSERT INTO TB_AUDITORIA_ITENS VALUES('282','2021-02-09 21:41:10','','dt_inicio_acesso','547');

INSERT INTO TB_AUDITORIA_ITENS VALUES('283','2021-02-09 22:11:10','2021-02-09 22:11:10','dt_fim_acesso','547');

INSERT INTO TB_AUDITORIA_ITENS VALUES('284','A','','tp_situacao','547');

INSERT INTO TB_AUDITORIA_ITENS VALUES('285','1','','co_usuario','547');

INSERT INTO TB_AUDITORIA_ITENS VALUES('286','8','','co_trafego','547');

INSERT INTO TB_AUDITORIA_ITENS VALUES('287','8','','co_acesso','548');

INSERT INTO TB_AUDITORIA_ITENS VALUES('288','36prn41g4rqu12622aimec992k','','ds_session_id','548');

INSERT INTO TB_AUDITORIA_ITENS VALUES('289','2021-02-09 21:41:10','','dt_inicio_acesso','548');

INSERT INTO TB_AUDITORIA_ITENS VALUES('290','2021-02-09 22:11:10','2021-02-09 22:11:11','dt_fim_acesso','548');

INSERT INTO TB_AUDITORIA_ITENS VALUES('291','A','','tp_situacao','548');

INSERT INTO TB_AUDITORIA_ITENS VALUES('292','1','','co_usuario','548');

INSERT INTO TB_AUDITORIA_ITENS VALUES('293','8','','co_trafego','548');

INSERT INTO TB_AUDITORIA_ITENS VALUES('294','8','','co_acesso','549');

INSERT INTO TB_AUDITORIA_ITENS VALUES('295','36prn41g4rqu12622aimec992k','','ds_session_id','549');

INSERT INTO TB_AUDITORIA_ITENS VALUES('296','2021-02-09 21:41:10','','dt_inicio_acesso','549');

INSERT INTO TB_AUDITORIA_ITENS VALUES('297','2021-02-09 22:11:11','2021-02-09 22:11:14','dt_fim_acesso','549');

INSERT INTO TB_AUDITORIA_ITENS VALUES('298','A','','tp_situacao','549');

INSERT INTO TB_AUDITORIA_ITENS VALUES('299','1','','co_usuario','549');

INSERT INTO TB_AUDITORIA_ITENS VALUES('300','8','','co_trafego','549');

INSERT INTO TB_AUDITORIA_ITENS VALUES('301','8','','co_acesso','550');

INSERT INTO TB_AUDITORIA_ITENS VALUES('302','36prn41g4rqu12622aimec992k','','ds_session_id','550');

INSERT INTO TB_AUDITORIA_ITENS VALUES('303','2021-02-09 21:41:10','','dt_inicio_acesso','550');

INSERT INTO TB_AUDITORIA_ITENS VALUES('304','2021-02-09 22:11:14','2021-02-09 22:11:15','dt_fim_acesso','550');

INSERT INTO TB_AUDITORIA_ITENS VALUES('305','A','','tp_situacao','550');

INSERT INTO TB_AUDITORIA_ITENS VALUES('306','1','','co_usuario','550');

INSERT INTO TB_AUDITORIA_ITENS VALUES('307','8','','co_trafego','550');

INSERT INTO TB_AUDITORIA_ITENS VALUES('308','8','','co_acesso','551');

INSERT INTO TB_AUDITORIA_ITENS VALUES('309','36prn41g4rqu12622aimec992k','','ds_session_id','551');

INSERT INTO TB_AUDITORIA_ITENS VALUES('310','2021-02-09 21:41:10','','dt_inicio_acesso','551');

INSERT INTO TB_AUDITORIA_ITENS VALUES('311','2021-02-09 22:11:15','2021-02-09 22:11:19','dt_fim_acesso','551');

INSERT INTO TB_AUDITORIA_ITENS VALUES('312','A','','tp_situacao','551');

INSERT INTO TB_AUDITORIA_ITENS VALUES('313','1','','co_usuario','551');

INSERT INTO TB_AUDITORIA_ITENS VALUES('314','8','','co_trafego','551');

INSERT INTO TB_AUDITORIA_ITENS VALUES('315','8','','co_acesso','552');

INSERT INTO TB_AUDITORIA_ITENS VALUES('316','36prn41g4rqu12622aimec992k','','ds_session_id','552');

INSERT INTO TB_AUDITORIA_ITENS VALUES('317','2021-02-09 21:41:10','','dt_inicio_acesso','552');

INSERT INTO TB_AUDITORIA_ITENS VALUES('318','2021-02-09 22:11:19','2021-02-09 22:11:20','dt_fim_acesso','552');

INSERT INTO TB_AUDITORIA_ITENS VALUES('319','A','','tp_situacao','552');

INSERT INTO TB_AUDITORIA_ITENS VALUES('320','1','','co_usuario','552');

INSERT INTO TB_AUDITORIA_ITENS VALUES('321','8','','co_trafego','552');

INSERT INTO TB_AUDITORIA_ITENS VALUES('322','8','','co_acesso','553');

INSERT INTO TB_AUDITORIA_ITENS VALUES('323','36prn41g4rqu12622aimec992k','','ds_session_id','553');

INSERT INTO TB_AUDITORIA_ITENS VALUES('324','2021-02-09 21:41:10','','dt_inicio_acesso','553');

INSERT INTO TB_AUDITORIA_ITENS VALUES('325','2021-02-09 22:11:20','2021-02-09 22:11:22','dt_fim_acesso','553');

INSERT INTO TB_AUDITORIA_ITENS VALUES('326','A','','tp_situacao','553');

INSERT INTO TB_AUDITORIA_ITENS VALUES('327','1','','co_usuario','553');

INSERT INTO TB_AUDITORIA_ITENS VALUES('328','8','','co_trafego','553');

INSERT INTO TB_AUDITORIA_ITENS VALUES('329','8','','co_acesso','554');

INSERT INTO TB_AUDITORIA_ITENS VALUES('330','36prn41g4rqu12622aimec992k','','ds_session_id','554');

INSERT INTO TB_AUDITORIA_ITENS VALUES('331','2021-02-09 21:41:10','','dt_inicio_acesso','554');

INSERT INTO TB_AUDITORIA_ITENS VALUES('332','2021-02-09 22:11:22','2021-02-09 22:11:23','dt_fim_acesso','554');

INSERT INTO TB_AUDITORIA_ITENS VALUES('333','A','','tp_situacao','554');

INSERT INTO TB_AUDITORIA_ITENS VALUES('334','1','','co_usuario','554');

INSERT INTO TB_AUDITORIA_ITENS VALUES('335','8','','co_trafego','554');

INSERT INTO TB_AUDITORIA_ITENS VALUES('336','8','','co_acesso','555');

INSERT INTO TB_AUDITORIA_ITENS VALUES('337','36prn41g4rqu12622aimec992k','','ds_session_id','555');

INSERT INTO TB_AUDITORIA_ITENS VALUES('338','2021-02-09 21:41:10','','dt_inicio_acesso','555');

INSERT INTO TB_AUDITORIA_ITENS VALUES('339','2021-02-09 22:11:23','2021-02-09 22:11:41','dt_fim_acesso','555');

INSERT INTO TB_AUDITORIA_ITENS VALUES('340','A','','tp_situacao','555');

INSERT INTO TB_AUDITORIA_ITENS VALUES('341','1','','co_usuario','555');

INSERT INTO TB_AUDITORIA_ITENS VALUES('342','8','','co_trafego','555');

INSERT INTO TB_AUDITORIA_ITENS VALUES('343','8','','co_acesso','556');

INSERT INTO TB_AUDITORIA_ITENS VALUES('344','36prn41g4rqu12622aimec992k','','ds_session_id','556');

INSERT INTO TB_AUDITORIA_ITENS VALUES('345','2021-02-09 21:41:10','','dt_inicio_acesso','556');

INSERT INTO TB_AUDITORIA_ITENS VALUES('346','2021-02-09 22:11:41','2021-02-09 22:11:41','dt_fim_acesso','556');

INSERT INTO TB_AUDITORIA_ITENS VALUES('347','A','','tp_situacao','556');

INSERT INTO TB_AUDITORIA_ITENS VALUES('348','1','','co_usuario','556');

INSERT INTO TB_AUDITORIA_ITENS VALUES('349','8','','co_trafego','556');

INSERT INTO TB_AUDITORIA_ITENS VALUES('350','8','','co_acesso','557');

INSERT INTO TB_AUDITORIA_ITENS VALUES('351','36prn41g4rqu12622aimec992k','','ds_session_id','557');

INSERT INTO TB_AUDITORIA_ITENS VALUES('352','2021-02-09 21:41:10','','dt_inicio_acesso','557');

INSERT INTO TB_AUDITORIA_ITENS VALUES('353','2021-02-09 22:11:41','2021-02-09 22:11:51','dt_fim_acesso','557');

INSERT INTO TB_AUDITORIA_ITENS VALUES('354','A','','tp_situacao','557');

INSERT INTO TB_AUDITORIA_ITENS VALUES('355','1','','co_usuario','557');

INSERT INTO TB_AUDITORIA_ITENS VALUES('356','8','','co_trafego','557');

INSERT INTO TB_AUDITORIA_ITENS VALUES('357','8','','co_acesso','558');

INSERT INTO TB_AUDITORIA_ITENS VALUES('358','36prn41g4rqu12622aimec992k','','ds_session_id','558');

INSERT INTO TB_AUDITORIA_ITENS VALUES('359','2021-02-09 21:41:10','','dt_inicio_acesso','558');

INSERT INTO TB_AUDITORIA_ITENS VALUES('360','2021-02-09 22:11:51','2021-02-09 22:11:52','dt_fim_acesso','558');

INSERT INTO TB_AUDITORIA_ITENS VALUES('361','A','','tp_situacao','558');

INSERT INTO TB_AUDITORIA_ITENS VALUES('362','1','','co_usuario','558');

INSERT INTO TB_AUDITORIA_ITENS VALUES('363','8','','co_trafego','558');

INSERT INTO TB_AUDITORIA_ITENS VALUES('364','8','','co_acesso','559');

INSERT INTO TB_AUDITORIA_ITENS VALUES('365','36prn41g4rqu12622aimec992k','','ds_session_id','559');

INSERT INTO TB_AUDITORIA_ITENS VALUES('366','2021-02-09 21:41:10','','dt_inicio_acesso','559');

INSERT INTO TB_AUDITORIA_ITENS VALUES('367','2021-02-09 22:11:52','','dt_fim_acesso','559');

INSERT INTO TB_AUDITORIA_ITENS VALUES('368','A','F','tp_situacao','559');

INSERT INTO TB_AUDITORIA_ITENS VALUES('369','1','','co_usuario','559');

INSERT INTO TB_AUDITORIA_ITENS VALUES('370','8','','co_trafego','559');

INSERT INTO TB_AUDITORIA_ITENS VALUES('371','','Firefox','ds_navegador','560');

INSERT INTO TB_AUDITORIA_ITENS VALUES('372','','Windows 8.1','ds_sistema_operacional','560');

INSERT INTO TB_AUDITORIA_ITENS VALUES('373','','Desktop','ds_dispositivo','560');

INSERT INTO TB_AUDITORIA_ITENS VALUES('374','','127.0.0.1','nu_ip','560');

INSERT INTO TB_AUDITORIA_ITENS VALUES('375','','Desconhecido','ds_pais','560');

INSERT INTO TB_AUDITORIA_ITENS VALUES('376','','Desconhecida','ds_code_pais','560');

INSERT INTO TB_AUDITORIA_ITENS VALUES('377','','Desconhecida','ds_estado','560');

INSERT INTO TB_AUDITORIA_ITENS VALUES('378','','Desconhecida','ds_uf','560');

INSERT INTO TB_AUDITORIA_ITENS VALUES('379','','Desconhecida','ds_cidade','560');

INSERT INTO TB_AUDITORIA_ITENS VALUES('380','','Mozilla/5.0 (Windows NT 6.3; Win64; x64; rv:85.0) Gecko/20100101 Firefox/85.0','ds_agente','560');

INSERT INTO TB_AUDITORIA_ITENS VALUES('381','','a47efgjpufn8vu7cn0av5li796','ds_session_id','561');

INSERT INTO TB_AUDITORIA_ITENS VALUES('382','','1','co_usuario','561');

INSERT INTO TB_AUDITORIA_ITENS VALUES('383','','A','tp_situacao','561');

INSERT INTO TB_AUDITORIA_ITENS VALUES('384','','9','co_trafego','561');

INSERT INTO TB_AUDITORIA_ITENS VALUES('385','','2021-02-15 12:24:01','dt_fim_acesso','561');

INSERT INTO TB_AUDITORIA_ITENS VALUES('386','','2021-02-15 11:54:01','dt_inicio_acesso','561');

INSERT INTO TB_AUDITORIA_ITENS VALUES('387','9','','co_acesso','562');

INSERT INTO TB_AUDITORIA_ITENS VALUES('388','a47efgjpufn8vu7cn0av5li796','','ds_session_id','562');

INSERT INTO TB_AUDITORIA_ITENS VALUES('389','2021-02-15 11:54:01','','dt_inicio_acesso','562');

INSERT INTO TB_AUDITORIA_ITENS VALUES('390','2021-02-15 12:24:01','2021-02-15 12:24:02','dt_fim_acesso','562');

INSERT INTO TB_AUDITORIA_ITENS VALUES('391','A','','tp_situacao','562');

INSERT INTO TB_AUDITORIA_ITENS VALUES('392','1','','co_usuario','562');

INSERT INTO TB_AUDITORIA_ITENS VALUES('393','9','','co_trafego','562');

INSERT INTO TB_AUDITORIA_ITENS VALUES('394','9','','co_acesso','563');

INSERT INTO TB_AUDITORIA_ITENS VALUES('395','a47efgjpufn8vu7cn0av5li796','','ds_session_id','563');

INSERT INTO TB_AUDITORIA_ITENS VALUES('396','2021-02-15 11:54:01','','dt_inicio_acesso','563');

INSERT INTO TB_AUDITORIA_ITENS VALUES('397','2021-02-15 12:24:02','2021-02-15 12:24:03','dt_fim_acesso','563');

INSERT INTO TB_AUDITORIA_ITENS VALUES('398','A','','tp_situacao','563');

INSERT INTO TB_AUDITORIA_ITENS VALUES('399','1','','co_usuario','563');

INSERT INTO TB_AUDITORIA_ITENS VALUES('400','9','','co_trafego','563');




DROP TABLE IF EXISTS TB_AUDITORIA_TABELA;


CREATE TABLE `TB_AUDITORIA_TABELA` (
  `co_auditoria_tabela` int(11) NOT NULL AUTO_INCREMENT,
  `no_tabela` varchar(45) COLLATE utf8_unicode_ci DEFAULT NULL,
  `tp_operacao` varchar(1) COLLATE utf8_unicode_ci DEFAULT NULL,
  `co_registro` int(11) DEFAULT NULL,
  `co_auditoria` int(11) NOT NULL,
  PRIMARY KEY (`co_auditoria_tabela`,`co_auditoria`)
) ENGINE=InnoDB AUTO_INCREMENT=564 DEFAULT CHARSET=utf8 COLLATE=utf8_unicode_ci;


INSERT INTO TB_AUDITORIA_TABELA VALUES('518','ccaug100.TB_PESSOA','U','2','3');

INSERT INTO TB_AUDITORIA_TABELA VALUES('519','ccaug100.TB_CONTATO','U','2','3');

INSERT INTO TB_AUDITORIA_TABELA VALUES('520','ccaug100.TB_ENDERECO','U','2','3');

INSERT INTO TB_AUDITORIA_TABELA VALUES('521','ccaug100.TB_PESSOA','U','2','3');

INSERT INTO TB_AUDITORIA_TABELA VALUES('522','TB_INSCRICAO','I','9','3');

INSERT INTO TB_AUDITORIA_TABELA VALUES('523','TB_PAGAMENTO','I','7','3');

INSERT INTO TB_AUDITORIA_TABELA VALUES('524','TB_PAGAMENTO','U','7','3');

INSERT INTO TB_AUDITORIA_TABELA VALUES('525','TB_HISTORICO_PAGAMENTO','I','12','3');

INSERT INTO TB_AUDITORIA_TABELA VALUES('526','ccaug100.TB_ACESSO','U','6','4');

INSERT INTO TB_AUDITORIA_TABELA VALUES('527','ccaug100.TB_TRAFEGO','I','7','5');

INSERT INTO TB_AUDITORIA_TABELA VALUES('528','ccaug100.TB_ACESSO','I','7','6');

INSERT INTO TB_AUDITORIA_TABELA VALUES('529','ccaug100.TB_ACESSO','U','7','7');

INSERT INTO TB_AUDITORIA_TABELA VALUES('530','ccaug100.TB_ACESSO','U','7','8');

INSERT INTO TB_AUDITORIA_TABELA VALUES('531','ccaug100.TB_ACESSO','U','7','9');

INSERT INTO TB_AUDITORIA_TABELA VALUES('532','ccaug100.TB_ACESSO','U','7','10');

INSERT INTO TB_AUDITORIA_TABELA VALUES('533','ccaug100.TB_ACESSO','U','7','11');

INSERT INTO TB_AUDITORIA_TABELA VALUES('534','ccaug100.TB_ACESSO','U','7','12');

INSERT INTO TB_AUDITORIA_TABELA VALUES('535','ccaug100.TB_ACESSO','U','7','13');

INSERT INTO TB_AUDITORIA_TABELA VALUES('536','ccaug100.TB_PESSOA','I','10','14');

INSERT INTO TB_AUDITORIA_TABELA VALUES('537','ccaug100.TB_CONTATO','I','10','14');

INSERT INTO TB_AUDITORIA_TABELA VALUES('538','ccaug100.TB_ENDERECO','I','10','14');

INSERT INTO TB_AUDITORIA_TABELA VALUES('539','ccaug100.TB_PESSOA','U','10','14');

INSERT INTO TB_AUDITORIA_TABELA VALUES('540','TB_ALUNO','I','9','14');

INSERT INTO TB_AUDITORIA_TABELA VALUES('541','TB_INSCRICAO','I','10','14');

INSERT INTO TB_AUDITORIA_TABELA VALUES('542','TB_PAGAMENTO','I','8','14');

INSERT INTO TB_AUDITORIA_TABELA VALUES('543','TB_PAGAMENTO','U','8','14');

INSERT INTO TB_AUDITORIA_TABELA VALUES('544','TB_HISTORICO_PAGAMENTO','I','13','14');

INSERT INTO TB_AUDITORIA_TABELA VALUES('545','ccaug100.TB_TRAFEGO','I','8','15');

INSERT INTO TB_AUDITORIA_TABELA VALUES('546','ccaug100.TB_ACESSO','I','8','16');

INSERT INTO TB_AUDITORIA_TABELA VALUES('547','ccaug100.TB_ACESSO','U','8','17');

INSERT INTO TB_AUDITORIA_TABELA VALUES('548','ccaug100.TB_ACESSO','U','8','18');

INSERT INTO TB_AUDITORIA_TABELA VALUES('549','ccaug100.TB_ACESSO','U','8','19');

INSERT INTO TB_AUDITORIA_TABELA VALUES('550','ccaug100.TB_ACESSO','U','8','20');

INSERT INTO TB_AUDITORIA_TABELA VALUES('551','ccaug100.TB_ACESSO','U','8','21');

INSERT INTO TB_AUDITORIA_TABELA VALUES('552','ccaug100.TB_ACESSO','U','8','22');

INSERT INTO TB_AUDITORIA_TABELA VALUES('553','ccaug100.TB_ACESSO','U','8','23');

INSERT INTO TB_AUDITORIA_TABELA VALUES('554','ccaug100.TB_ACESSO','U','8','24');

INSERT INTO TB_AUDITORIA_TABELA VALUES('555','ccaug100.TB_ACESSO','U','8','25');

INSERT INTO TB_AUDITORIA_TABELA VALUES('556','ccaug100.TB_ACESSO','U','8','26');

INSERT INTO TB_AUDITORIA_TABELA VALUES('557','ccaug100.TB_ACESSO','U','8','27');

INSERT INTO TB_AUDITORIA_TABELA VALUES('558','ccaug100.TB_ACESSO','U','8','28');

INSERT INTO TB_AUDITORIA_TABELA VALUES('559','ccaug100.TB_ACESSO','U','8','29');

INSERT INTO TB_AUDITORIA_TABELA VALUES('560','ccaug100.TB_TRAFEGO','I','9','30');

INSERT INTO TB_AUDITORIA_TABELA VALUES('561','ccaug100.TB_ACESSO','I','9','31');

INSERT INTO TB_AUDITORIA_TABELA VALUES('562','ccaug100.TB_ACESSO','U','9','32');

INSERT INTO TB_AUDITORIA_TABELA VALUES('563','ccaug100.TB_ACESSO','U','9','33');




DROP TABLE IF EXISTS TB_CONTATO;


CREATE TABLE `TB_CONTATO` (
  `co_contato` int(11) NOT NULL AUTO_INCREMENT,
  `nu_tel1` varchar(15) COLLATE utf8_unicode_ci DEFAULT NULL,
  `nu_tel2` varchar(15) COLLATE utf8_unicode_ci DEFAULT NULL,
  `nu_tel3` varchar(15) COLLATE utf8_unicode_ci DEFAULT NULL,
  `nu_tel_0800` varchar(30) COLLATE utf8_unicode_ci DEFAULT NULL,
  `ds_email` varchar(150) COLLATE utf8_unicode_ci DEFAULT NULL,
  `ds_site` varchar(100) COLLATE utf8_unicode_ci DEFAULT NULL,
  `ds_facebook` varchar(90) COLLATE utf8_unicode_ci DEFAULT NULL,
  `ds_twitter` varchar(90) COLLATE utf8_unicode_ci DEFAULT NULL,
  `ds_instagram` varchar(90) COLLATE utf8_unicode_ci DEFAULT NULL,
  PRIMARY KEY (`co_contato`)
) ENGINE=InnoDB AUTO_INCREMENT=11 DEFAULT CHARSET=utf8 COLLATE=utf8_unicode_ci;


INSERT INTO TB_CONTATO VALUES('1','61993274991','6130826060','0','','sisccaug@gmail.com','','','','');

INSERT INTO TB_CONTATO VALUES('2','4535435435','','','','arnaldo@gmail.com','','','','');

INSERT INTO TB_CONTATO VALUES('3','6525592324','','','','alunonotadez@gmail.com','','','','');

INSERT INTO TB_CONTATO VALUES('4','4564651341','','','','carlossquish@gmail.com','','','','');

INSERT INTO TB_CONTATO VALUES('6','5456465446','','','','leninha.kff@gmail.com','','','','');

INSERT INTO TB_CONTATO VALUES('10','5325553256','','','','leonardomcbessa@gmail.com','','','','');




DROP TABLE IF EXISTS TB_CONTROLLER;


CREATE TABLE `TB_CONTROLLER` (
  `co_controller` int(11) NOT NULL AUTO_INCREMENT,
  `no_controller` varchar(60) COLLATE utf8_unicode_ci DEFAULT NULL,
  `ds_class_icon` varchar(30) COLLATE utf8_unicode_ci DEFAULT NULL COMMENT 'Classe do Ícone',
  PRIMARY KEY (`co_controller`)
) ENGINE=InnoDB AUTO_INCREMENT=11 DEFAULT CHARSET=utf8 COLLATE=utf8_unicode_ci;


INSERT INTO TB_CONTROLLER VALUES('1','Gestão','clip-data');

INSERT INTO TB_CONTROLLER VALUES('2','Auditoria','fa fa-crosshairs');

INSERT INTO TB_CONTROLLER VALUES('3','Acesso','clip-connection-2');

INSERT INTO TB_CONTROLLER VALUES('4','Funcionalidade','fa fa-outdent');

INSERT INTO TB_CONTROLLER VALUES('5','Perfil','clip-stack-empty');

INSERT INTO TB_CONTROLLER VALUES('6','Usuário','fa fa-group');

INSERT INTO TB_CONTROLLER VALUES('7','Visita','clip-airplane');

INSERT INTO TB_CONTROLLER VALUES('8','Relatorio','fa fa-clipboard');

INSERT INTO TB_CONTROLLER VALUES('9','Suporte','fa fa-envelope');

INSERT INTO TB_CONTROLLER VALUES('10','Curso','clip-stack-2');




DROP TABLE IF EXISTS TB_CRONS;


CREATE TABLE `TB_CRONS` (
  `co_cron` int(11) NOT NULL AUTO_INCREMENT,
  `dt_cadastro` datetime DEFAULT NULL,
  `no_cron` varchar(70) COLLATE utf8_unicode_ci DEFAULT NULL,
  `ds_sql` text COLLATE utf8_unicode_ci DEFAULT NULL,
  PRIMARY KEY (`co_cron`)
) ENGINE=InnoDB DEFAULT CHARSET=utf8 COLLATE=utf8_unicode_ci;





DROP TABLE IF EXISTS TB_CURSO;


CREATE TABLE `TB_CURSO` (
  `co_curso` int(11) NOT NULL AUTO_INCREMENT,
  `ds_descricao` text COLLATE utf8_unicode_ci DEFAULT NULL,
  `dt_cadastro` datetime DEFAULT NULL,
  `co_imagem` int(11) DEFAULT NULL,
  PRIMARY KEY (`co_curso`)
) ENGINE=InnoDB AUTO_INCREMENT=3 DEFAULT CHARSET=utf8 COLLATE=utf8_unicode_ci;


INSERT INTO TB_CURSO VALUES('1','<div class=\"conteudo\"><strong>Objetivos</strong>:\n\n<ul>\n\n	<li>Conhecer m&eacute;todos para elaborar prega&ccedil;&otilde;es sem dificuldades</li>\n\n	<li>Saber onde encontrar fontes seguras para montar sua prega&ccedil;&atilde;o</li>\n\n	<li>Fazer aprofundamento em mensagens b&iacute;blicas</li>\n\n	<li>Controlar o nervosismo ao falar em p&uacute;blico</li>\n\n	<li>Aprender t&eacute;cnicas de prega&ccedil;&atilde;o para uma boa comunica&ccedil;&atilde;o</li>\n\n	<li>Sabe como fazer prega&ccedil;&otilde;es em diversos meios de evangeliza&ccedil;&atilde;o</li>\n\n	<li>Aprender de forma interativa e din&acirc;mica</li>\n\n	<li>Aprender e partilhar conhecimentos com pessoas de v&aacute;rias localidades do Brasil</li>\n\n	<li>Conhecer e estudar com pessoas que desejam assim como voc&ecirc; aprender e aprofundar mais nas coisas de Deus</li>\n\n	<li>Tirar suas d&uacute;vidas diretamente com os formadores</li>\n\n</ul>\n\n</div>\n\n\n\n<div>&nbsp;</div>\n\n\n\n<div><strong>Modalidade</strong>: realizado &aacute; distancia, mas com uma metodologia de uma forma&ccedil;&atilde;o interativa e din&acirc;mica.</div>\n\n\n\n<div>&nbsp;</div>\n\n\n\n<div><strong>Destinat&aacute;rios</strong>: Pessoas que sentem o chamado para prega&ccedil;&atilde;o, ou deseja conhecer mais sobre o minist&eacute;rio.</div>\n\n\n\n<div>&nbsp;</div>\n\n\n\n<div><strong>Carga hor&aacute;ria</strong>: 12 horas.</div>\n\n\n\n<div>&nbsp;</div>\n\n\n\n<div><strong>Per&iacute;odo de realiza&ccedil;&atilde;o</strong>: 02/03 a 18/03 de 2021 &ndash; 20h00, (verificar dias)</div>\n\n\n\n<div>&nbsp;</div>','2021-02-08 11:35:36','3');

INSERT INTO TB_CURSO VALUES('2','<div class=\"col-12 col-lg-8\">\n\n<div class=\"conteudo\"><strong>Objetivos</strong>:\n\n<ul>\n\n	<li>Conhecer os dons carism&aacute;ticos conforme os ensinamentos da Igreja</li>\n\n	<li>Aprimorar e fazer a descoberta de seus dons</li>\n\n	<li>Entender como exercer os dons com mais seguran&ccedil;a entendendo cada um deles</li>\n\n	<li>Aperfei&ccedil;oar seus minist&eacute;rios</li>\n\n	<li>Aprender de forma interativa e din&acirc;mica</li>\n\n	<li>Aprender e partilhar conhecimentos com pessoas de v&aacute;rias localidades do Brasil</li>\n\n	<li>Conhecer e estudar com pessoas que desejam assim como voc&ecirc; aprender e aprofundar mais nas coisas de Deus</li>\n\n	<li>Tirar suas d&uacute;vidas diretamente com os formadores</li>\n\n</ul>\n\n</div>\n\n\n\n<div>&nbsp;</div>\n\n\n\n<div><strong>Modalidade</strong>: realizado &aacute; distancia, mas com uma metodologia de uma forma&ccedil;&atilde;o interativa e din&acirc;mica.</div>\n\n\n\n<div>&nbsp;</div>\n\n\n\n<div><strong>Destinat&aacute;rios</strong>: Pessoas que deseja descobrir seus dons e aprimorar seus minist&eacute;rios o minist&eacute;rio.</div>\n\n\n\n<div>&nbsp;</div>\n\n\n\n<div><strong>Carga hor&aacute;ria</strong>: 12 horas.</div>\n\n\n\n<div>&nbsp;</div>\n\n\n\n<div><strong>Per&iacute;odo de realiza&ccedil;&atilde;o</strong>: 02/03 a 18/03 de 2021 &ndash; 20h00, Ter&ccedil;a e Quinta (dias a confirmar)</div>\n\n\n\n<div>&nbsp;</div>\n\n\n\n<div><strong>Investimento</strong>: Gratuito.</div>\n\n</div>','2021-02-08 15:24:57','2');




DROP TABLE IF EXISTS TB_ENDERECO;


CREATE TABLE `TB_ENDERECO` (
  `co_endereco` int(11) NOT NULL AUTO_INCREMENT,
  `ds_endereco` varchar(150) COLLATE utf8_unicode_ci DEFAULT NULL,
  `ds_complemento` varchar(100) COLLATE utf8_unicode_ci DEFAULT NULL,
  `ds_bairro` varchar(80) COLLATE utf8_unicode_ci DEFAULT NULL,
  `nu_cep` varchar(12) COLLATE utf8_unicode_ci DEFAULT NULL,
  `no_cidade` varchar(80) COLLATE utf8_unicode_ci DEFAULT NULL,
  `sg_uf` varchar(2) COLLATE utf8_unicode_ci DEFAULT NULL,
  PRIMARY KEY (`co_endereco`)
) ENGINE=InnoDB AUTO_INCREMENT=11 DEFAULT CHARSET=utf8 COLLATE=utf8_unicode_ci;


INSERT INTO TB_ENDERECO VALUES('1','qr 10 casa 10','','Samambaia','72111111','Brasília','DF');

INSERT INTO TB_ENDERECO VALUES('2','','','','','','');

INSERT INTO TB_ENDERECO VALUES('3','QR 403 Conjunto 10','','Samambaia Norte (Samambaia)','72319111','Brasília','DF');

INSERT INTO TB_ENDERECO VALUES('4','','','','','','');

INSERT INTO TB_ENDERECO VALUES('6','','','','','','');

INSERT INTO TB_ENDERECO VALUES('10','','','','','','');




DROP TABLE IF EXISTS TB_FUNCIONALIDADE;


CREATE TABLE `TB_FUNCIONALIDADE` (
  `co_funcionalidade` int(11) NOT NULL AUTO_INCREMENT,
  `no_funcionalidade` varchar(150) COLLATE utf8_unicode_ci NOT NULL,
  `ds_action` varchar(120) COLLATE utf8_unicode_ci DEFAULT NULL,
  `st_status` varchar(1) COLLATE utf8_unicode_ci DEFAULT 'A' COMMENT '''A - Ativo / I - Inativo''',
  `st_menu` varchar(1) COLLATE utf8_unicode_ci DEFAULT 'S' COMMENT 'S - Sim / N - Não (Se apresenta no menu)',
  `co_controller` int(11) NOT NULL,
  PRIMARY KEY (`co_funcionalidade`,`co_controller`)
) ENGINE=InnoDB AUTO_INCREMENT=41 DEFAULT CHARSET=utf8 COLLATE=utf8_unicode_ci;


INSERT INTO TB_FUNCIONALIDADE VALUES('1','Perfil Master','PerfilMaster','A','S','0');

INSERT INTO TB_FUNCIONALIDADE VALUES('2','Auditoria Listar','ListarAuditoria','A','S','2');

INSERT INTO TB_FUNCIONALIDADE VALUES('3','Auditoria Detalhar','DetalharAuditoria','A','N','2');

INSERT INTO TB_FUNCIONALIDADE VALUES('4','Usuario Cadastrar','CadastroUsuario','A','N','6');

INSERT INTO TB_FUNCIONALIDADE VALUES('5','Usuario Listar','ListarUsuario','A','S','6');

INSERT INTO TB_FUNCIONALIDADE VALUES('6','Meu Perfil Usuario','MeuPerfilUsuario','A','S','6');

INSERT INTO TB_FUNCIONALIDADE VALUES('7','Perfil Listar','ListarPerfil','A','S','5');

INSERT INTO TB_FUNCIONALIDADE VALUES('8','Perfil Cadastrar','CadastroPerfil','A','S','5');

INSERT INTO TB_FUNCIONALIDADE VALUES('9','Funcionalidade Listar','ListarFuncionalidade','A','S','4');

INSERT INTO TB_FUNCIONALIDADE VALUES('10','Funcionalidade Cadastrar','CadastroFuncionalidade','A','S','4');

INSERT INTO TB_FUNCIONALIDADE VALUES('11','Troca Senha Usuario','TrocaSenhaUsuario','A','S','6');

INSERT INTO TB_FUNCIONALIDADE VALUES('13','Listar Visita','ListarVisita','A','S','7');

INSERT INTO TB_FUNCIONALIDADE VALUES('14','Config Gestao','ConfigGestao','A','S','1');

INSERT INTO TB_FUNCIONALIDADE VALUES('15','Gerar Entidades Gestao','GerarEntidadesGestao','A','S','1');

INSERT INTO TB_FUNCIONALIDADE VALUES('16','Gerar Backup Gestao','GerarBackupGestao','A','S','1');

INSERT INTO TB_FUNCIONALIDADE VALUES('17','Listar Acesso','ListarAcesso','A','S','3');

INSERT INTO TB_FUNCIONALIDADE VALUES('22','Pre Projeto Gestao','PreProjetoGestao','A','S','1');

INSERT INTO TB_FUNCIONALIDADE VALUES('23','Acompanhar Projeto Gestao','AcompanharProjetoGestao','A','N','1');

INSERT INTO TB_FUNCIONALIDADE VALUES('24','Limpar Banco Gestao','LimparBancoGestao','A','S','1');

INSERT INTO TB_FUNCIONALIDADE VALUES('28','Crons','CronsGestao','A','S','1');

INSERT INTO TB_FUNCIONALIDADE VALUES('29','Minificação','MinificacaoGestao','A','S','1');

INSERT INTO TB_FUNCIONALIDADE VALUES('30','Gráfico','GraficoRelatorio','A','S','8');

INSERT INTO TB_FUNCIONALIDADE VALUES('31','Listar Suporte','ListarSuporte','A','S','9');

INSERT INTO TB_FUNCIONALIDADE VALUES('32','Cadastro Suporte','CadastroSuporte','A','N','9');

INSERT INTO TB_FUNCIONALIDADE VALUES('33','Deleta Suporte','DeletaSuporte','A','N','9');

INSERT INTO TB_FUNCIONALIDADE VALUES('34','Listar Curso','ListarCurso','A','S','10');

INSERT INTO TB_FUNCIONALIDADE VALUES('35','Cadastro Curso','CadastroCurso','A','N','10');

INSERT INTO TB_FUNCIONALIDADE VALUES('36','Historico Curso','HistoricoCurso','A','N','10');

INSERT INTO TB_FUNCIONALIDADE VALUES('37','Listar Turma','ListarTurma','A','N','10');

INSERT INTO TB_FUNCIONALIDADE VALUES('38','Cadastro Turma','CadastroTurma','A','N','10');

INSERT INTO TB_FUNCIONALIDADE VALUES('39','Listar Aluno','ListarAluno','A','N','10');

INSERT INTO TB_FUNCIONALIDADE VALUES('40','Notificação PagSeguro','NotificacaoPagSeguro','A','S','10');




DROP TABLE IF EXISTS TB_HISTORIA;


CREATE TABLE `TB_HISTORIA` (
  `co_historia` int(11) NOT NULL AUTO_INCREMENT,
  `ds_titulo` varchar(80) COLLATE utf8_unicode_ci DEFAULT NULL,
  `ds_observacao` text COLLATE utf8_unicode_ci DEFAULT NULL,
  `dt_cadastro` datetime DEFAULT NULL,
  `dt_atualizado` datetime DEFAULT NULL,
  `st_situacao` varchar(1) COLLATE utf8_unicode_ci DEFAULT 'N' COMMENT 'N - Não iniciada / I - Iniciada / C - Concluida',
  `co_sessao` int(11) NOT NULL,
  PRIMARY KEY (`co_historia`,`co_sessao`)
) ENGINE=InnoDB DEFAULT CHARSET=utf8 COLLATE=utf8_unicode_ci;





DROP TABLE IF EXISTS TB_HISTORICO_HISTORIA;


CREATE TABLE `TB_HISTORICO_HISTORIA` (
  `co_historico_historia` int(11) NOT NULL AUTO_INCREMENT,
  `nu_esforco` varchar(2) COLLATE utf8_unicode_ci DEFAULT NULL,
  `nu_esforco_restante` varchar(2) COLLATE utf8_unicode_ci DEFAULT NULL,
  `dt_cadastro` datetime DEFAULT NULL,
  `co_historia` int(11) NOT NULL,
  PRIMARY KEY (`co_historico_historia`,`co_historia`)
) ENGINE=InnoDB DEFAULT CHARSET=utf8 COLLATE=utf8_unicode_ci;





DROP TABLE IF EXISTS TB_HISTORICO_PAGAMENTO;


CREATE TABLE `TB_HISTORICO_PAGAMENTO` (
  `co_historico_pagamento` int(11) NOT NULL AUTO_INCREMENT,
  `dt_cadastro` datetime DEFAULT NULL,
  `ds_acao` varchar(100) COLLATE utf8_unicode_ci DEFAULT NULL,
  `ds_usuario` varchar(100) COLLATE utf8_unicode_ci DEFAULT NULL,
  `st_pagamento` int(1) DEFAULT NULL COMMENT 'PENDENTE = 0 / AGUARDANDO_PAGAMENTO = 1 / EM_ANALISE = 2 / PAGO = 3 / DISPONIVEL = 4 / EM_DISPUTA = 5 / DEVOLVIDA = 6 / CANCELADA = 7',
  `co_pagamento` int(11) NOT NULL,
  PRIMARY KEY (`co_historico_pagamento`,`co_pagamento`)
) ENGINE=InnoDB AUTO_INCREMENT=14 DEFAULT CHARSET=utf8 COLLATE=utf8_unicode_ci;


INSERT INTO TB_HISTORICO_PAGAMENTO VALUES('1','2021-02-08 11:45:41','Inicia o pagamento','Usuário SisEnovus Iniciou o pagamento','0','1');

INSERT INTO TB_HISTORICO_PAGAMENTO VALUES('2','2021-02-08 10:45:45','Mudou o Status do pagamento para Aguardando pagamento','Retorno da operadora do pagamento','1','1');

INSERT INTO TB_HISTORICO_PAGAMENTO VALUES('3','2021-02-08 10:49:58','Mudou o Status do pagamento para Pago ','Retorno da operadora do pagamento','3','1');

INSERT INTO TB_HISTORICO_PAGAMENTO VALUES('4','2021-02-08 12:15:44','Inicia o pagamento','Usuário SisEnovus Iniciou o pagamento','0','2');

INSERT INTO TB_HISTORICO_PAGAMENTO VALUES('5','2021-02-08 11:15:46','Mudou o Status do pagamento para Em análise','Retorno da operadora do pagamento','2','2');

INSERT INTO TB_HISTORICO_PAGAMENTO VALUES('6','2021-02-08 12:40:09','Inicia o pagamento','Usuário SisEnovus Iniciou o pagamento','0','3');

INSERT INTO TB_HISTORICO_PAGAMENTO VALUES('7','2021-02-08 11:40:11','Mudou o Status do pagamento para Aguardando pagamento','Retorno da operadora do pagamento','1','3');

INSERT INTO TB_HISTORICO_PAGAMENTO VALUES('9','2021-02-08 12:49:15','Inicia o pagamento','Usuário SisEnovus Iniciou o pagamento','0','5');

INSERT INTO TB_HISTORICO_PAGAMENTO VALUES('10','2021-02-08 11:49:17','Mudou o Status do pagamento para Aguardando pagamento','Retorno da operadora do pagamento','1','5');

INSERT INTO TB_HISTORICO_PAGAMENTO VALUES('12','2021-02-09 21:33:50','Curso Gratuito','Usuário SisEnovus Efetivou a Inscrição','3','7');

INSERT INTO TB_HISTORICO_PAGAMENTO VALUES('13','2021-02-09 21:38:13','Curso Gratuito','Usuário SisEnovus Efetivou a Inscrição','3','8');




DROP TABLE IF EXISTS TB_HISTORICO_SUPORTE;


CREATE TABLE `TB_HISTORICO_SUPORTE` (
  `co_historico_suporte` int(11) NOT NULL AUTO_INCREMENT,
  `dt_cadastro` datetime DEFAULT NULL,
  `ds_mensagem` text COLLATE utf8_unicode_ci DEFAULT NULL,
  `st_lido` varchar(1) COLLATE utf8_unicode_ci DEFAULT 'N' COMMENT 'S - Sim / N - Não',
  `co_suporte` int(11) NOT NULL,
  `co_usuario` int(10) NOT NULL,
  `co_imagem` int(10) NOT NULL COMMENT 'Chave do Anexo.',
  PRIMARY KEY (`co_historico_suporte`,`co_suporte`,`co_usuario`,`co_imagem`)
) ENGINE=InnoDB DEFAULT CHARSET=utf8 COLLATE=utf8_unicode_ci;





DROP TABLE IF EXISTS TB_IMAGEM;


CREATE TABLE `TB_IMAGEM` (
  `co_imagem` int(10) unsigned NOT NULL AUTO_INCREMENT,
  `ds_caminho` varchar(150) COLLATE utf8_unicode_ci NOT NULL,
  `co_tipo_imagem` int(11) NOT NULL,
  PRIMARY KEY (`co_imagem`,`co_tipo_imagem`)
) ENGINE=InnoDB AUTO_INCREMENT=4 DEFAULT CHARSET=utf8 COLLATE=utf8_unicode_ci;


INSERT INTO TB_IMAGEM VALUES('1','leonardo-m-c-bessa-56e8920c23ab66.jpg','1');

INSERT INTO TB_IMAGEM VALUES('2','Curso/curso-de-dons-carismaticos-602291ca5b5a7.png','2');

INSERT INTO TB_IMAGEM VALUES('3','Curso/curso-de-pregador-602292c167e06.png','2');




DROP TABLE IF EXISTS TB_INSCRICAO;


CREATE TABLE `TB_INSCRICAO` (
  `co_inscricao` int(11) NOT NULL AUTO_INCREMENT,
  `co_turma` int(11) NOT NULL,
  `co_aluno` int(11) NOT NULL,
  `dt_cadastro` datetime DEFAULT NULL,
  PRIMARY KEY (`co_inscricao`,`co_turma`,`co_aluno`)
) ENGINE=InnoDB AUTO_INCREMENT=11 DEFAULT CHARSET=utf8 COLLATE=utf8_unicode_ci;


INSERT INTO TB_INSCRICAO VALUES('1','1','1','2021-02-08 11:45:41');

INSERT INTO TB_INSCRICAO VALUES('2','1','2','2021-02-08 12:15:44');

INSERT INTO TB_INSCRICAO VALUES('3','1','3','2021-02-08 12:40:09');

INSERT INTO TB_INSCRICAO VALUES('5','1','5','2021-02-08 12:49:15');

INSERT INTO TB_INSCRICAO VALUES('9','1','1','2021-02-09 21:33:50');

INSERT INTO TB_INSCRICAO VALUES('10','1','9','2021-02-09 21:38:12');




DROP TABLE IF EXISTS TB_MODULO;


CREATE TABLE `TB_MODULO` (
  `co_modulo` int(11) NOT NULL AUTO_INCREMENT,
  `no_modulo` varchar(50) COLLATE utf8_unicode_ci DEFAULT NULL,
  `dt_cadastro` datetime DEFAULT NULL,
  `co_projeto` int(11) NOT NULL,
  PRIMARY KEY (`co_modulo`,`co_projeto`)
) ENGINE=InnoDB AUTO_INCREMENT=10 DEFAULT CHARSET=utf8 COLLATE=utf8_unicode_ci;





DROP TABLE IF EXISTS TB_PAGAMENTO;


CREATE TABLE `TB_PAGAMENTO` (
  `co_pagamento` int(11) NOT NULL AUTO_INCREMENT,
  `nu_valor_total` decimal(8,2) DEFAULT NULL COMMENT 'Valor total da Inscrição',
  `nu_valor_pago` decimal(8,2) DEFAULT NULL COMMENT 'Valor de Recebimento da pagSeguro',
  `nu_valor_desconto` decimal(8,2) DEFAULT NULL COMMENT 'Valor de Desconto da PagSeguro',
  `dt_pago` datetime DEFAULT NULL COMMENT 'Data que confirmou o pagamento\n',
  `ds_code_transacao` varchar(80) COLLATE utf8_unicode_ci DEFAULT NULL COMMENT 'Código de Transação do PagSeguro',
  `dt_modificado` datetime DEFAULT NULL COMMENT 'Data da Última Modificação',
  `tp_pagamento` int(1) DEFAULT NULL COMMENT 'GRATIS = 0 / DINHEIRO = 1 / CARTAO_DEBITO = 2 / CARTAO_CREDITO = 3 /  DEPOSITO_TRANSFERENCIA = 4 / BOLETO = 5',
  `st_pagamento` int(1) DEFAULT 0 COMMENT 'PENDENTE = 0 / AGUARDANDO_PAGAMENTO = 1 / EM_ANALISE = 2 / PAGO = 3 / DISPONIVEL = 4 / EM_DISPUTA = 5 / DEVOLVIDA = 6 / CANCELADA = 7',
  `ds_link_boleto` text COLLATE utf8_unicode_ci DEFAULT NULL,
  `ds_observacao` text COLLATE utf8_unicode_ci DEFAULT NULL,
  `co_inscricao` int(11) NOT NULL,
  PRIMARY KEY (`co_pagamento`,`co_inscricao`)
) ENGINE=InnoDB AUTO_INCREMENT=9 DEFAULT CHARSET=utf8 COLLATE=utf8_unicode_ci;


INSERT INTO TB_PAGAMENTO VALUES('1','29.99','28.39','1.60','2021-02-08 10:49:58','6FF01E3E-8846-440E-B4F9-2DC27833D1B6','2021-02-08 10:49:58','5','3','https://sandbox.pagseguro.uol.com.br/checkout/payment/booklet/print.jhtml?c=2a3bb34d7ec088022b08d11d82b3d0f82f6980e0c0bf0970b754208093840f698dfb3fc43e605dc2','','1');

INSERT INTO TB_PAGAMENTO VALUES('2','29.99','27.51','2.48','','DF2AAD11-0F5C-4630-8171-DE287424A32D','2021-02-08 11:15:46','3','2','','','2');

INSERT INTO TB_PAGAMENTO VALUES('3','29.99','28.39','1.60','','2030B963-4913-4AA1-A802-E88091FFF36E','2021-02-08 11:40:11','4','1','https://sandbox.pagseguro.uol.com.br/checkout/payment/eft/print.jhtml?c=cdf38438fec01e80935e287819f79ec595e3c402ad0eafbb2914f13450473e8c87ce65ebdc0773e7','','3');

INSERT INTO TB_PAGAMENTO VALUES('5','29.99','28.39','1.60','','5B4C74C7-E419-4CAF-97E9-4E7B7C3DDF68','2021-02-08 11:49:17','4','1','https://sandbox.pagseguro.uol.com.br/checkout/payment/eft/print.jhtml?c=efc372c7ab24c91b499d97bb174db4ee2a2f7481ce0d3e514e1da7675ca81dc9f6237a702c58037d','','5');

INSERT INTO TB_PAGAMENTO VALUES('7','0.00','0.00','0.00','','','2021-02-09 21:33:50','0','3','','','9');

INSERT INTO TB_PAGAMENTO VALUES('8','0.00','0.00','0.00','','','2021-02-09 21:38:13','0','3','','','10');




DROP TABLE IF EXISTS TB_PAGINA;


CREATE TABLE `TB_PAGINA` (
  `co_pagina` int(11) NOT NULL AUTO_INCREMENT,
  `dt_cadastro` datetime DEFAULT NULL,
  `ds_titulo_url_amigavel` varchar(255) COLLATE utf8_unicode_ci DEFAULT NULL COMMENT 'Url amigável da página',
  `nu_visualizacao` int(11) DEFAULT NULL,
  `nu_usuario` int(11) DEFAULT NULL COMMENT 'Número de usuário que visitou a página',
  PRIMARY KEY (`co_pagina`)
) ENGINE=InnoDB DEFAULT CHARSET=utf8 COLLATE=utf8_unicode_ci;





DROP TABLE IF EXISTS TB_PAGINA_VISITA;


CREATE TABLE `TB_PAGINA_VISITA` (
  `co_pagina_visita` int(11) NOT NULL AUTO_INCREMENT,
  `co_visita` int(11) NOT NULL,
  `co_pagina` int(11) NOT NULL,
  PRIMARY KEY (`co_pagina_visita`,`co_visita`,`co_pagina`)
) ENGINE=InnoDB DEFAULT CHARSET=utf8 COLLATE=utf8_unicode_ci;





DROP TABLE IF EXISTS TB_PERFIL;


CREATE TABLE `TB_PERFIL` (
  `co_perfil` int(11) NOT NULL AUTO_INCREMENT,
  `no_perfil` varchar(45) COLLATE utf8_unicode_ci NOT NULL COMMENT 'Nome do Perfil',
  `st_status` varchar(1) COLLATE utf8_unicode_ci NOT NULL DEFAULT 'A' COMMENT '''A - Ativo / I - Inativo''',
  PRIMARY KEY (`co_perfil`)
) ENGINE=InnoDB AUTO_INCREMENT=3 DEFAULT CHARSET=utf8 COLLATE=utf8_unicode_ci;


INSERT INTO TB_PERFIL VALUES('1','Master','A');

INSERT INTO TB_PERFIL VALUES('2','Fundador','A');




DROP TABLE IF EXISTS TB_PERFIL_FUNCIONALIDADE;


CREATE TABLE `TB_PERFIL_FUNCIONALIDADE` (
  `co_perfil_funcionalidade` int(11) NOT NULL AUTO_INCREMENT,
  `co_funcionalidade` int(11) NOT NULL,
  `co_perfil` int(11) NOT NULL,
  PRIMARY KEY (`co_perfil_funcionalidade`,`co_funcionalidade`,`co_perfil`)
) ENGINE=InnoDB AUTO_INCREMENT=17 DEFAULT CHARSET=utf8 COLLATE=utf8_unicode_ci;


INSERT INTO TB_PERFIL_FUNCIONALIDADE VALUES('1','1','1');

INSERT INTO TB_PERFIL_FUNCIONALIDADE VALUES('2','34','2');

INSERT INTO TB_PERFIL_FUNCIONALIDADE VALUES('3','33','2');

INSERT INTO TB_PERFIL_FUNCIONALIDADE VALUES('4','32','2');

INSERT INTO TB_PERFIL_FUNCIONALIDADE VALUES('5','31','2');

INSERT INTO TB_PERFIL_FUNCIONALIDADE VALUES('6','17','2');

INSERT INTO TB_PERFIL_FUNCIONALIDADE VALUES('7','11','2');

INSERT INTO TB_PERFIL_FUNCIONALIDADE VALUES('8','6','2');

INSERT INTO TB_PERFIL_FUNCIONALIDADE VALUES('9','5','2');

INSERT INTO TB_PERFIL_FUNCIONALIDADE VALUES('10','4','2');

INSERT INTO TB_PERFIL_FUNCIONALIDADE VALUES('11','35','2');

INSERT INTO TB_PERFIL_FUNCIONALIDADE VALUES('12','36','2');

INSERT INTO TB_PERFIL_FUNCIONALIDADE VALUES('13','37','2');

INSERT INTO TB_PERFIL_FUNCIONALIDADE VALUES('14','38','2');

INSERT INTO TB_PERFIL_FUNCIONALIDADE VALUES('15','39','2');

INSERT INTO TB_PERFIL_FUNCIONALIDADE VALUES('16','40','2');




DROP TABLE IF EXISTS TB_PESSOA;


CREATE TABLE `TB_PESSOA` (
  `co_pessoa` int(11) NOT NULL AUTO_INCREMENT,
  `nu_cpf` varchar(15) COLLATE utf8_unicode_ci DEFAULT NULL,
  `no_pessoa` varchar(100) COLLATE utf8_unicode_ci DEFAULT NULL,
  `nu_rg` varchar(45) COLLATE utf8_unicode_ci DEFAULT NULL,
  `dt_cadastro` datetime DEFAULT NULL,
  `dt_nascimento` date DEFAULT NULL,
  `st_sexo` varchar(1) COLLATE utf8_unicode_ci DEFAULT NULL COMMENT 'M - Masculino ou F - Feminino',
  `co_endereco` int(11) NOT NULL,
  `co_contato` int(11) NOT NULL,
  `co_imagem` int(10) NOT NULL,
  PRIMARY KEY (`co_pessoa`,`co_endereco`,`co_contato`,`co_imagem`)
) ENGINE=InnoDB AUTO_INCREMENT=11 DEFAULT CHARSET=utf8 COLLATE=utf8_unicode_ci;


INSERT INTO TB_PESSOA VALUES('1','','Usuário SisEnovus','','2016-10-31 00:00:00','2020-10-10','M','1','1','1');

INSERT INTO TB_PESSOA VALUES('2','12345678909','Aluno Post','','2021-02-08 11:45:41','','','2','2','0');

INSERT INTO TB_PESSOA VALUES('3','99543885168','Aluno nota Dez','','2021-02-08 12:15:44','','','3','3','0');

INSERT INTO TB_PESSOA VALUES('4','12345678909','Lucas Soares','','2021-02-08 12:40:08','','','4','4','0');

INSERT INTO TB_PESSOA VALUES('6','12345678909','Lucas Soaresg ert getrh','','2021-02-08 12:49:15','','','6','6','0');

INSERT INTO TB_PESSOA VALUES('10','01304694160','Leonardo Machado Carvalho Bessa','','2021-02-09 21:38:12','','','10','10','0');




DROP TABLE IF EXISTS TB_PROJETO;


CREATE TABLE `TB_PROJETO` (
  `co_projeto` int(11) NOT NULL AUTO_INCREMENT,
  `no_projeto` varchar(80) COLLATE utf8_unicode_ci DEFAULT NULL,
  `dt_cadastro` datetime DEFAULT NULL,
  PRIMARY KEY (`co_projeto`)
) ENGINE=InnoDB AUTO_INCREMENT=2 DEFAULT CHARSET=utf8 COLLATE=utf8_unicode_ci;


INSERT INTO TB_PROJETO VALUES('1','Enovus','2020-09-05 11:07:40');




DROP TABLE IF EXISTS TB_SESSAO;


CREATE TABLE `TB_SESSAO` (
  `co_sessao` int(11) NOT NULL AUTO_INCREMENT,
  `no_sessao` varchar(80) COLLATE utf8_unicode_ci DEFAULT NULL,
  `dt_cadastro` datetime DEFAULT NULL,
  `co_modulo` int(11) NOT NULL,
  PRIMARY KEY (`co_sessao`,`co_modulo`)
) ENGINE=InnoDB DEFAULT CHARSET=utf8 COLLATE=utf8_unicode_ci;





DROP TABLE IF EXISTS TB_SUPORTE;


CREATE TABLE `TB_SUPORTE` (
  `co_suporte` int(11) NOT NULL AUTO_INCREMENT,
  `st_status` varchar(1) COLLATE utf8_unicode_ci DEFAULT 'A' COMMENT 'A - Ativa / I - Inativa',
  `dt_cadastro` datetime DEFAULT NULL,
  `ds_assunto` varchar(100) COLLATE utf8_unicode_ci DEFAULT NULL,
  `st_tipo_assunto` int(1) DEFAULT NULL COMMENT '1 - Sugestão ou Melhorias / 2 - Reclamação / 3 -  Correção no Sistema / 4 - Outros',
  PRIMARY KEY (`co_suporte`)
) ENGINE=InnoDB DEFAULT CHARSET=utf8 COLLATE=utf8_unicode_ci;





DROP TABLE IF EXISTS TB_TIPO_IMAGEM;


CREATE TABLE `TB_TIPO_IMAGEM` (
  `co_tipo_imagem` int(11) NOT NULL AUTO_INCREMENT,
  `ds_tipo_imagem` varchar(80) COLLATE utf8_unicode_ci DEFAULT NULL,
  PRIMARY KEY (`co_tipo_imagem`)
) ENGINE=InnoDB DEFAULT CHARSET=utf8 COLLATE=utf8_unicode_ci;





DROP TABLE IF EXISTS TB_TRAFEGO;


CREATE TABLE `TB_TRAFEGO` (
  `co_trafego` int(11) NOT NULL AUTO_INCREMENT,
  `nu_ip` varchar(20) COLLATE utf8_unicode_ci DEFAULT NULL,
  `ds_pais` varchar(100) COLLATE utf8_unicode_ci DEFAULT NULL,
  `ds_code_pais` varchar(100) COLLATE utf8_unicode_ci DEFAULT NULL,
  `ds_uf` varchar(45) COLLATE utf8_unicode_ci DEFAULT NULL,
  `ds_estado` varchar(100) COLLATE utf8_unicode_ci DEFAULT NULL,
  `ds_cidade` varchar(120) COLLATE utf8_unicode_ci DEFAULT NULL,
  `ds_navegador` varchar(45) COLLATE utf8_unicode_ci DEFAULT NULL,
  `ds_sistema_operacional` varchar(45) COLLATE utf8_unicode_ci DEFAULT NULL,
  `ds_dispositivo` varchar(45) COLLATE utf8_unicode_ci DEFAULT NULL,
  `ds_agente` varchar(255) COLLATE utf8_unicode_ci DEFAULT NULL,
  PRIMARY KEY (`co_trafego`)
) ENGINE=InnoDB AUTO_INCREMENT=10 DEFAULT CHARSET=utf8 COLLATE=utf8_unicode_ci;


INSERT INTO TB_TRAFEGO VALUES('6','127.0.0.1','Desconhecido','Desconhecida','Desconhecida','Desconhecida','Desconhecida','Firefox','Windows 10','Desktop','Mozilla/5.0 (Windows NT 10.0; Win64; x64; rv:85.0) Gecko/20100101 Firefox/85.0');

INSERT INTO TB_TRAFEGO VALUES('7','127.0.0.1','Desconhecido','Desconhecida','Desconhecida','Desconhecida','Desconhecida','Firefox','Windows 8.1','Desktop','Mozilla/5.0 (Windows NT 6.3; Win64; x64; rv:85.0) Gecko/20100101 Firefox/85.0');

INSERT INTO TB_TRAFEGO VALUES('8','127.0.0.1','Desconhecido','Desconhecida','Desconhecida','Desconhecida','Desconhecida','Firefox','Windows 8.1','Desktop','Mozilla/5.0 (Windows NT 6.3; Win64; x64; rv:85.0) Gecko/20100101 Firefox/85.0');

INSERT INTO TB_TRAFEGO VALUES('9','127.0.0.1','Desconhecido','Desconhecida','Desconhecida','Desconhecida','Desconhecida','Firefox','Windows 8.1','Desktop','Mozilla/5.0 (Windows NT 6.3; Win64; x64; rv:85.0) Gecko/20100101 Firefox/85.0');




DROP TABLE IF EXISTS TB_TURMA;


CREATE TABLE `TB_TURMA` (
  `co_turma` int(11) NOT NULL AUTO_INCREMENT,
  `ds_turma` varchar(45) COLLATE utf8_unicode_ci DEFAULT NULL,
  `dt_cadastro` datetime DEFAULT NULL,
  `nu_ano` int(4) DEFAULT NULL,
  `st_status` varchar(1) COLLATE utf8_unicode_ci DEFAULT 'S' COMMENT 'S - Sim / N - Não',
  `dt_inicio` date DEFAULT NULL,
  `dt_fim` date DEFAULT NULL,
  `nu_hora_abertura` varchar(5) COLLATE utf8_unicode_ci DEFAULT NULL,
  `nu_hora_fechamento` varchar(5) COLLATE utf8_unicode_ci DEFAULT NULL,
  `co_curso` int(11) NOT NULL,
  PRIMARY KEY (`co_turma`,`co_curso`)
) ENGINE=InnoDB AUTO_INCREMENT=2 DEFAULT CHARSET=utf8 COLLATE=utf8_unicode_ci;


INSERT INTO TB_TURMA VALUES('1','2','2021-02-08 11:37:03','2021','S','2021-02-03','2021-02-26','10:00','22:00','1');




DROP TABLE IF EXISTS TB_USUARIO;


CREATE TABLE `TB_USUARIO` (
  `co_usuario` int(10) NOT NULL AUTO_INCREMENT,
  `ds_senha` varchar(100) COLLATE utf8_unicode_ci NOT NULL,
  `ds_code` varchar(50) COLLATE utf8_unicode_ci NOT NULL COMMENT 'Senha criptografada',
  `st_status` varchar(1) COLLATE utf8_unicode_ci NOT NULL DEFAULT 'I' COMMENT '''A - Ativo / I - Inativo''',
  `st_troca_senha` varchar(1) COLLATE utf8_unicode_ci DEFAULT 'N',
  `dt_cadastro` datetime NOT NULL,
  `co_imagem` int(10) NOT NULL,
  `co_pessoa` int(11) NOT NULL,
  PRIMARY KEY (`co_usuario`,`co_imagem`,`co_pessoa`)
) ENGINE=InnoDB AUTO_INCREMENT=2 DEFAULT CHARSET=utf8 COLLATE=utf8_unicode_ci;


INSERT INTO TB_USUARIO VALUES('1','123456**','TVRJek5EVTJLaW89','A','S','2016-10-31 00:00:00','1','1');




DROP TABLE IF EXISTS TB_USUARIO_PERFIL;


CREATE TABLE `TB_USUARIO_PERFIL` (
  `co_usuario_perfil` int(11) NOT NULL AUTO_INCREMENT,
  `co_usuario` int(10) NOT NULL,
  `co_perfil` int(11) NOT NULL,
  PRIMARY KEY (`co_usuario_perfil`,`co_usuario`,`co_perfil`)
) ENGINE=InnoDB AUTO_INCREMENT=2 DEFAULT CHARSET=utf8 COLLATE=utf8_unicode_ci;


INSERT INTO TB_USUARIO_PERFIL VALUES('1','1','1');




DROP TABLE IF EXISTS TB_VALOR_CURSO;


CREATE TABLE `TB_VALOR_CURSO` (
  `co_valor_curso` int(11) NOT NULL AUTO_INCREMENT,
  `dt_cadastro` datetime DEFAULT NULL,
  `nu_valor` decimal(8,2) DEFAULT NULL,
  `ds_titulo` varchar(100) COLLATE utf8_unicode_ci DEFAULT NULL,
  `nu_carga_horaria` int(3) DEFAULT NULL,
  `nu_duracao` int(3) DEFAULT NULL,
  `st_status` varchar(1) COLLATE utf8_unicode_ci DEFAULT NULL,
  `st_certificacao` varchar(1) COLLATE utf8_unicode_ci DEFAULT NULL,
  `ds_objetivo` varchar(200) COLLATE utf8_unicode_ci DEFAULT NULL,
  `co_curso` int(11) NOT NULL,
  `co_usuario` int(10) NOT NULL,
  PRIMARY KEY (`co_valor_curso`,`co_curso`,`co_usuario`)
) ENGINE=InnoDB AUTO_INCREMENT=10 DEFAULT CHARSET=utf8 COLLATE=utf8_unicode_ci;


INSERT INTO TB_VALOR_CURSO VALUES('1','2021-02-08 11:35:36','24.55','CURSO DE PREGADOR','16','2','S','S','Conhecer métodos para elaborar pregações sem dificuldades, Aprender técnicas de pregação para uma boa comunicação...','1','1');

INSERT INTO TB_VALOR_CURSO VALUES('2','2021-02-08 11:35:56','29.99','CURSO DE PREGADOR','16','2','S','S','Conhecer métodos para elaborar pregações sem dificuldades, Aprender técnicas de pregação para uma boa comunicação...','1','1');

INSERT INTO TB_VALOR_CURSO VALUES('3','2021-02-08 15:24:57','0.01','CURSO DE DONS CARISMÁTICOS','12','3','S','S','','2','1');

INSERT INTO TB_VALOR_CURSO VALUES('4','2021-02-08 16:23:23','0.00','CURSO DE DONS CARISMÁTICOS','12','3','S','S','st_gratuito','2','1');

INSERT INTO TB_VALOR_CURSO VALUES('5','2021-02-08 17:12:16','0.00','CURSO DE DONS CARISMÁTICOS','12','3','S','S','Objetivos: Conhecer os dons carismáticos conforme os ensinamentos da Igreja...','2','1');

INSERT INTO TB_VALOR_CURSO VALUES('6','2021-02-08 17:13:47','22.80','CURSO DE PREGADOR','16','2','S','S','Conhecer métodos para elaborar pregações sem dificuldades, Aprender técnicas de pregação para uma boa comunicação...','1','1');

INSERT INTO TB_VALOR_CURSO VALUES('7','2021-02-08 17:15:44','22.80','CURSO DE PREGADOR','16','2','S','S','Conhecer métodos para elaborar pregações sem dificuldades, Aprender técnicas de pregação para uma boa comunicação...','1','1');

INSERT INTO TB_VALOR_CURSO VALUES('8','2021-02-09 11:44:42','0.00','CURSO DE DONS CARISMÁTICOS','12','3','S','S','','2','1');

INSERT INTO TB_VALOR_CURSO VALUES('9','2021-02-09 11:48:49','22.80','CURSO DE PREGADOR','16','2','S','S','','1','1');




DROP TABLE IF EXISTS TB_VISITA;


CREATE TABLE `TB_VISITA` (
  `co_visita` int(11) NOT NULL AUTO_INCREMENT,
  `dt_realizado` datetime DEFAULT NULL,
  `dt_atualizado` datetime DEFAULT NULL,
  `nu_visitas` int(11) DEFAULT NULL,
  `co_trafego` int(11) NOT NULL,
  PRIMARY KEY (`co_visita`,`co_trafego`)
) ENGINE=InnoDB DEFAULT CHARSET=utf8 COLLATE=utf8_unicode_ci;





